algorithm,target,hidden_dim,dropout,learning_rate,weight_decay,epochs,outer_folds,inner_folds,accuracy,balanced_accuracy,precision_macro,recall_macro,f1_macro,mae_ordinal,qwk,accuracy_pm1,errores_graves,accuracy_std,balanced_accuracy_std,precision_macro_std,recall_macro_std,f1_macro_std,mae_ordinal_std,qwk_std,accuracy_pm1_std,errores_graves_std
Softmax fijo,GDS,32,0.15,0.001,0.0001,20,2,2,0.5406305903398927,0.22400440325272541,0.2138219591542323,0.22400440325272541,0.20463804127531193,0.5353389343214925,0.534020219744501,0.9356551878354205,0.0643448121645796,0.03436940966010732,0.021432193459039087,0.0047032246251887955,0.021432193459039087,0.018885631537151143,0.04426750575006391,0.06977983637447122,0.0018448121645796012,0.0018448121645796081
Softmax HP,GDS,32,0.15,0.001,0.0001,20,2,2,0.5540458088423205,0.2421713007350591,0.21090104565938833,0.2421713007350591,0.2217764459908982,0.5085069000766675,0.6022714637110854,0.9419179657551751,0.05808203424482494,0.02273990544339377,0.014344447995454687,0.005205459920801472,0.014344447995454687,0.011451414292644457,0.01922118579095325,0.016672466610090475,0.006203680040889337,0.00620368004088934
CORAL sin pesos,GDS,32,0.15,0.001,0.0001,20,2,2,0.3914068489649885,0.3839370994059393,0.41570744020812267,0.3839370994059393,0.3660929941105485,0.7086889854331715,0.6721318276563384,0.907947866087401,0.09205213391259903,0.015736008177868632,0.02400572521569644,0.01916067286393769,0.02400572521569644,0.01891586419075636,0.02297469971888577,0.006951266899535569,0.0063378481983132895,0.006337848198313317
CORAL con pesos,GDS,32,0.15,0.001,0.0001,20,2,2,0.37262969588550987,0.4335055611699907,0.3345091682014664,0.4335055611699907,0.29386852952522813,0.734616981855354,0.6827752938992351,0.9025827370304114,0.09741726296958855,0.02737030411449018,0.017681785058582727,0.030108013800311972,0.017681785058582727,0.032944909387345594,0.03640269614106828,0.0017242222573779498,0.009917262969588558,0.009917262969588551
CORN,GDS,32,0.15,0.001,0.0001,20,2,2,0.5477942116023511,0.2509426207470311,0.23983797826775644,0.2509426207470311,0.23636240409038553,0.5031449654996166,0.6427733405519267,0.9526370431893687,0.04736295681063123,0.018277216969077414,0.00331565944797009,0.012235073175042898,0.00331565944797009,0.0010030431392382966,0.019216394071045223,0.01721263368496101,0.0008513289036545246,0.0008513289036544865
Softmax equiparado (argmax),GDS,32,0.15,0.001,0.0001,20,2,2,0.5647680807564528,0.3375141812131266,0.34604920157548635,0.3375141812131266,0.31706563430595736,0.482588487094301,0.695592600926511,0.9580053667262969,0.04199463327370304,0.02451763352926145,0.020794218955292793,0.003660406592610327,0.020794218955292793,0.001404082830291531,0.01651705852287247,0.01758917543103755,0.00800536672629698,0.00800536672629696
Softmax equiparado (mediana),GDS,32,0.15,0.001,0.0001,20,2,2,0.5674498466649629,0.3425161849974889,0.3717448964504,0.3425161849974889,0.32861160440883386,0.4772281497572195,0.6966940107129268,0.9597910810120113,0.040208918987988757,0.023621581906465627,0.03393314969537403,0.02660369037801985,0.03393314969537403,0.018022447456697593,0.01829957832864812,0.017671843136171983,0.006219652440582646,0.006219652440582674
Softmax fijo,GDS_R1,32,0.15,0.001,0.0001,20,5,3,0.891888212684177,0.49528636405829385,0.5156162080596918,0.49528636405829385,0.5033255691768548,0.10900464445868033,0.613444439230423,0.9991071428571429,0.0008928571428571428,0.03457558066248746,0.05056900569085346,0.05826875329064574,0.05056900569085346,0.05376821054991536,0.03448126132308887,0.11121926445204182,0.0017857142857142794,0.0017857142857142857
Softmax HP,GDS_R1,32,0.15,0.001,0.0001,20,5,3,0.8918882126841767,0.49715770908753365,0.5165608954390374,0.49715770908753365,0.5048017719415021,0.10900464445868034,0.6152957347072334,0.9991071428571429,0.0008928571428571428,0.03027297344175687,0.041485998585721794,0.049047885663269446,0.041485998585721794,0.044257859002276155,0.030297053719195156,0.09422250901694011,0.0017857142857142794,0.0017857142857142857
CORAL sin pesos,GDS_R1,32,0.15,0.001,0.0001,20,5,3,0.8802610506085843,0.6587004548408057,0.709124550972377,0.6587004548408057,0.6094054079426818,0.12420323510570146,0.6267688878511882,0.9955357142857142,0.004464285714285714,0.010972806651437156,0.07742909437247573,0.08533536945934216,0.07742909437247573,0.08753703661987806,0.013539572722538844,0.05258373382686935,0.0028234621965789,0.00282346219657891
CORAL con pesos,GDS_R1,32,0.15,0.001,0.0001,20,5,3,0.8829436258808456,0.6727392555462731,0.7408682807996309,0.6727392555462731,0.6294733855747248,0.12062780269058296,0.6364398717246293,0.9964285714285716,0.0035714285714285713,0.015224251174205013,0.07888907154639037,0.10879483505365353,0.07888907154639037,0.10416977291095875,0.018426568232900318,0.06052913994263898,0.0033407655239052927,0.003340765523905305
CORN,GDS_R1,32,0.15,0.001,0.0001,20,5,3,0.8963484945547725,0.6811361737677528,0.8031227486279405,0.6811361737677528,0.7211608877584993,0.10543721973094171,0.6610004263291628,0.9982142857142857,0.0017857142857142857,0.029221977397717265,0.06973446879660958,0.08789530241719666,0.06973446879660958,0.06450879793047161,0.02951569479961169,0.08650322956887739,0.002187044413199258,0.0021870444131992664
Softmax equiparado (argmax),GDS_R1,32,0.15,0.001,0.0001,20,5,3,0.8936659192825112,0.7209022556390977,0.7912155038093567,0.7209022556390977,0.7261544866682466,0.10722693786034591,0.6786860259028604,0.9991071428571429,0.0008928571428571428,0.022077212259416307,0.05813870693372063,0.06974102958157481,0.05813870693372063,0.03764172883294457,0.02236086445220229,0.05861718202548988,0.0017857142857142794,0.0017857142857142857
Softmax equiparado (mediana),GDS_R1,32,0.15,0.001,0.0001,20,5,3,0.8954516335682255,0.7253467000835422,0.7947436162583895,0.7253467000835422,0.7306605373210125,0.10544122357463163,0.6846126860193096,0.9991071428571429,0.0008928571428571428,0.02062819592148297,0.05952284492850889,0.06711958612198847,0.05952284492850889,0.0380070646951679,0.021007527231631393,0.05637958809774163,0.0017857142857142794,0.0017857142857142857
Softmax fijo,GDS_R2,32,0.15,0.001,0.0001,20,5,3,0.7255925688661116,0.6347957292333466,0.6823128940429174,0.6347957292333466,0.6484187947893478,0.2949711723254324,0.6848000893369892,0.9794362588084562,0.02056374119154388,0.036292115342116904,0.04047027492064782,0.042017017779424605,0.04047027492064782,0.03813921329867505,0.043277099163040025,0.05871001258772412,0.007295102089872374,0.00729510208987237
Softmax HP,GDS_R2,32,0.15,0.001,0.0001,20,5,3,0.7264854260089686,0.6383941646961888,0.6872818918937189,0.6383941646961888,0.6534028248986,0.29318545803971807,0.6867456253360628,0.9803291159513133,0.019670884048686738,0.036057115799312235,0.037622804050294396,0.03884447615689303,0.037622804050294396,0.034660912524582116,0.04288360217587647,0.05920415793300703,0.007298531533656925,0.007298531533656925
CORAL sin pesos,GDS_R2,32,0.15,0.001,0.0001,20,5,3,0.7291880204996797,0.6396085653367297,0.6809940768994636,0.6396085653367297,0.6365080423439612,0.2976417360666239,0.6872509061479721,0.9731702434336963,0.026829756566303646,0.022805011473744002,0.029910316170730658,0.03005151722877506,0.029910316170730658,0.0269201270849993,0.0340527162395615,0.05643729648244376,0.01172590684400094,0.011725906844000943
CORAL con pesos,GDS_R2,32,0.15,0.001,0.0001,20,5,3,0.7229380204996796,0.64213770818051,0.6650537072773981,0.64213770818051,0.6360315775676912,0.30121316463805253,0.6919186770541015,0.9758488148622678,0.024151185137732224,0.01722178048086024,0.03109962375444306,0.026047229756198866,0.03109962375444306,0.028492648324675622,0.029770012667863974,0.05778170424769694,0.013504654354922131,0.013504654354922119
CORN,GDS_R2,32,0.15,0.001,0.0001,20,5,3,0.7238268737988469,0.647572566113455,0.7027026819317477,0.647572566113455,0.6679965304864034,0.28868513773222293,0.6955910890760288,0.9874879884689302,0.012512011531069827,0.03537939017040688,0.047534907025940536,0.04103801410456065,0.047534907025940536,0.04594890987644205,0.035869377549241535,0.04199792867570611,0.004376605914560263,0.004376605914560248
Softmax equiparado (argmax),GDS_R2,32,0.15,0.001,0.0001,20,5,3,0.7318665919282511,0.6466180630100498,0.7060621317059549,0.6466180630100498,0.6671385817304412,0.2878002882767457,0.6858174520509839,0.9803331197950031,0.019666880204996795,0.025539936109103063,0.031150429471380095,0.01842515093720167,0.031150429471380095,0.025788270216111204,0.027694446434015692,0.04380222151081992,0.006084111553826114,0.006084111553826103
Softmax equiparado (mediana),GDS_R2,32,0.15,0.001,0.0001,20,5,3,0.7327474375400385,0.655089923177057,0.7151547594052104,0.655089923177057,0.6770135459491905,0.2833400064061499,0.6925530334249704,0.9839125560538117,0.01608744394618834,0.03685464150220207,0.04393949014852309,0.03483743494100191,0.04393949014852309,0.041498640403492784,0.03870724993474629,0.05141138345450117,0.007257618042738373,0.007257618042738354
Softmax fijo,GDS_R3,32,0.15,0.001,0.0001,20,5,3,0.9097533632286996,0.7706945468245778,0.8565348647737154,0.7706945468245778,0.8041156992439664,0.09024663677130045,0.6098012351519302,1.0,0.0,0.019796150711584175,0.03708563362062242,0.049659876872965074,0.03708563362062242,0.040632523381782276,0.019796150711584196,0.081021110575407,0.0,0.0
Softmax HP,GDS_R3,32,0.15,0.001,0.0001,20,5,3,0.9097533632286996,0.7706945468245778,0.8565348647737154,0.7706945468245778,0.8041156992439664,0.09024663677130045,0.6098012351519302,1.0,0.0,0.019796150711584175,0.03708563362062242,0.049659876872965074,0.03708563362062242,0.040632523381782276,0.019796150711584196,0.081021110575407,0.0,0.0
CORAL sin pesos,GDS_R3,32,0.15,0.001,0.0001,20,5,3,0.9026145099295324,0.7569842907923403,0.8412138846564343,0.7569842907923403,0.7889978860159247,0.09738549007046764,0.5797440923598602,1.0,0.0,0.023788555517057202,0.0416276240982909,0.06461016019862821,0.0416276240982909,0.04783660071836266,0.023788555517057212,0.09551846672796302,0.0,0.0
CORAL con pesos,GDS_R3,32,0.15,0.001,0.0001,20,5,3,0.9026145099295324,0.7569842907923403,0.8412138846564343,0.7569842907923403,0.7889978860159247,0.09738549007046764,0.5797440923598602,1.0,0.0,0.023788555517057202,0.0416276240982909,0.06461016019862821,0.0416276240982909,0.04783660071836266,0.023788555517057212,0.09551846672796302,0.0,0.0
CORN,GDS_R3,32,0.15,0.001,0.0001,20,5,3,0.9035073670723894,0.7623375432044162,0.837666786163904,0.7623375432044162,0.790855161604396,0.0964926329276105,0.5836140737408593,1.0,0.0,0.02528540301946573,0.058270555555032494,0.06206813139713905,0.058270555555032494,0.05853015803779778,0.025285403019465698,0.11584931508081214,0.0,0.0
Softmax equiparado (argmax),GDS_R3,32,0.15,0.001,0.0001,20,5,3,0.9070747918001281,0.7597110423116615,0.8534616798699416,0.7597110423116615,0.7954294679951085,0.09292520819987186,0.5928347185173571,1.0,0.0,0.022430561519682875,0.042003962622212856,0.05633533717636467,0.042003962622212856,0.04756881413249124,0.02243056151968288,0.09467915801840963,0.0,0.0
Softmax equiparado (mediana),GDS_R3,32,0.15,0.001,0.0001,20,5,3,0.9070747918001281,0.7597110423116615,0.8534616798699416,0.7597110423116615,0.7954294679951085,0.09292520819987186,0.5928347185173571,1.0,0.0,0.022430561519682875,0.042003962622212856,0.05633533717636467,0.042003962622212856,0.04756881413249124,0.02243056151968288,0.09467915801840963,0.0,0.0
Softmax fijo,GDS_R4,32,0.15,0.001,0.0001,20,5,3,0.8311018577834721,0.4728286753148631,0.5747450127498398,0.4728286753148631,0.49134363316574675,0.16889814221652788,0.23528069536053428,1.0,0.0,0.00989351639166343,0.03891834301407711,0.05334885089151615,0.03891834301407711,0.04467567882691561,0.009893516391663422,0.05814513759454657,0.0,0.0
Softmax HP,GDS_R4,32,0.15,0.001,0.0001,20,5,3,0.8319907110826394,0.5065161664609179,0.5436233066821321,0.5065161664609179,0.5125759584787248,0.1680092889173607,0.28279610022931057,1.0,0.0,0.0046220139871465254,0.020649509479640935,0.020018278769580154,0.020649509479640935,0.016611459106198496,0.004622013987146497,0.03208962832014583,0.0,0.0
CORAL sin pesos,GDS_R4,32,0.15,0.001,0.0001,20,5,3,0.6997397501601539,0.6649631175750437,0.5796775487652768,0.6649631175750437,0.6000221289290264,0.3002602498398462,0.3964732651673518,1.0,0.0,0.015667729479475638,0.04412059726121037,0.017450655000169093,0.04412059726121037,0.024087451032137264,0.015667729479475607,0.03239698212874592,0.0,0.0
CORAL con pesos,GDS_R4,32,0.15,0.001,0.0001,20,5,3,0.695279468289558,0.6563483898671554,0.5673076378564613,0.6563483898671554,0.5882004593199248,0.30561338885329914,0.3863776347099116,0.9991071428571429,0.0008928571428571428,0.023150249144042068,0.030710760420524515,0.021740788546190774,0.030710760420524515,0.02224532350024053,0.023346151285079934,0.024352381333180188,0.0017857142857142794,0.0017857142857142857
CORN,GDS_R4,32,0.15,0.001,0.0001,20,5,3,0.8302049967969249,0.5109728209175722,0.528404905459169,0.5109728209175722,0.5096032216243322,0.16979500320307497,0.2866732597627329,1.0,0.0,0.006320782196224653,0.037238885344201486,0.023078033140601983,0.037238885344201486,0.024604129130712617,0.006320782196224625,0.0485842029860281,0.0,0.0
Softmax equiparado (argmax),GDS_R4,32,0.15,0.001,0.0001,20,5,3,0.8275224215246636,0.5141983553585764,0.5096420510619161,0.5141983553585764,0.5052024530549964,0.17247757847533635,0.29026965965850077,1.0,0.0,0.006109511254228989,0.03693214025391406,0.013305299759188781,0.03693214025391406,0.025017538033635857,0.006109511254228972,0.05065004447543457,0.0,0.0
Softmax equiparado (mediana),GDS_R4,32,0.15,0.001,0.0001,20,5,3,0.8275224215246636,0.5094384743556014,0.5105097719334688,0.5094384743556014,0.5027310840643857,0.17247757847533635,0.2842629315329369,1.0,0.0,0.006730383833115385,0.03967710867034346,0.012299991832265144,0.03967710867034346,0.02853870059302435,0.006730383833115365,0.05409684714253681,0.0,0.0
Softmax fijo,GDS_R5,32,0.15,0.001,0.0001,20,5,3,0.7748078155028828,0.5126838785828797,0.5145361641596332,0.5126838785828797,0.5055201556034958,0.22519218449711725,0.432942922554723,1.0,0.0,0.00982221608758517,0.016835669946098576,0.017014840368979545,0.016835669946098576,0.01649111302863433,0.009822216087585158,0.0301608826978178,0.0,0.0
Softmax HP,GDS_R5,32,0.15,0.001,0.0001,20,5,3,0.7783792440743114,0.5158386404876417,0.5217313625195893,0.5158386404876417,0.5100567539998606,0.22162075592568864,0.4396146420866744,1.0,0.0,0.00905012694541773,0.014598953256079685,0.015993912782190256,0.014598953256079685,0.014755485113613527,0.009050126945417757,0.02657538831162195,0.0,0.0
CORAL sin pesos,GDS_R5,32,0.15,0.001,0.0001,20,5,3,0.6576873798846893,0.62875216341145,0.5762386051022723,0.62875216341145,0.5887466025888375,0.3458920563741192,0.4959371217884473,0.9964205637411915,0.0035794362588084565,0.03489213072740902,0.04333513430636989,0.03478337713359212,0.04333513430636989,0.037213186410818486,0.0363002499335615,0.05042840645504711,0.00335362004831224,0.0033536200483122334
CORAL con pesos,GDS_R5,32,0.15,0.001,0.0001,20,5,3,0.6576873798846893,0.62875216341145,0.5762386051022723,0.62875216341145,0.5887466025888375,0.3458920563741192,0.4959371217884473,0.9964205637411915,0.0035794362588084565,0.03489213072740902,0.04333513430636989,0.03478337713359212,0.04333513430636989,0.037213186410818486,0.0363002499335615,0.05042840645504711,0.00335362004831224,0.0033536200483122334
CORN,GDS_R5,32,0.15,0.001,0.0001,20,5,3,0.7739149583600258,0.5123127521448831,0.5141606605807525,0.5123127521448831,0.504575744070866,0.22608504163997437,0.4318380257759006,1.0,0.0,0.008954823544783089,0.014527728574092394,0.01749661211432171,0.014527728574092394,0.012111680873509884,0.008954823544783068,0.02372690285404075,0.0,0.0
Softmax equiparado (argmax),GDS_R5,32,0.15,0.001,0.0001,20,5,3,0.7765855221012172,0.5089942832478903,0.5231443807952568,0.5089942832478903,0.5053661986641445,0.22341447789878283,0.42783817559954357,1.0,0.0,0.00748090095319451,0.010669065437793647,0.012437686330765016,0.010669065437793647,0.010219739622530968,0.007480900953194498,0.0182711453562761,0.0,0.0
Softmax equiparado (mediana),GDS_R5,32,0.15,0.001,0.0001,20,5,3,0.7783752402306214,0.5098328576713704,0.5278438615110153,0.5098328576713704,0.5072617739522578,0.22162475976937862,0.4298510670435468,1.0,0.0,0.005981126052760594,0.010033034156191303,0.011331844079683401,0.010033034156191303,0.008758786946753644,0.00598112605276062,0.016578828402634985,0.0,0.0
